都道府県名,市区町村,人口(計)
北海道,札幌市中央区,244032.0
北海道,札幌市北区,285671.0
北海道,札幌市東区,261288.0
北海道,札幌市白石区,213006.0
北海道,札幌市豊平区,225221.0
北海道,札幌市南区,134537.0
北海道,札幌市西区,218455.0
北海道,札幌市厚別区,124667.0
北海道,札幌市手稲区,141260.0
北海道,札幌市清田区,111375.0
北海道,函館市,244431.0
北海道,小樽市,108548.0
北海道,旭川市,324186.0
北海道,室蘭市,78252.0
北海道,釧路市,160483.0
北海道,帯広市,164014.0
北海道,北見市,113036.0
北海道,夕張市,6729.0
北海道,岩見沢市,76753.0
北海道,網走市,33444.0
北海道,留萌市,19234.0
北海道,苫小牧市,168299.0
北海道,稚内市,31644.0
北海道,美唄市,19500.0
北海道,芦別市,11976.0
北海道,江別市,119169.0
北海道,赤平市,9008.0
北海道,紋別市,20618.0
北海道,士別市,17283.0
北海道,名寄市,26020.0
北海道,三笠市,7722.0
北海道,根室市,23546.0
北海道,千歳市,97664.0
北海道,滝川市,38062.0
北海道,砂川市,15909.0
北海道,歌志内市,2790.0
北海道,深川市,19161.0
北海道,富良野市,20223.0
北海道,登別市,45226.0
北海道,恵庭市,70179.0
北海道,伊達市,32395.0
北海道,石狩市,57954.0
北海道,北斗市,44366.0
北海道,石狩郡当別町,15329.0
北海道,石狩郡新篠津村,2853.0
北海道,松前郡松前町,6231.0
北海道,松前郡福島町,3571.0
北海道,上磯郡知内町,3983.0
北海道,上磯郡木古内町,3728.0
北海道,亀田郡七飯町,27934.0
北海道,茅部郡鹿部町,3649.0
北海道,茅部郡森町,14155.0
北海道,二海郡八雲町,15050.0
北海道,山越郡長万部町,4880.0
北海道,檜山郡江差町,6971.0
北海道,檜山郡上ノ国町,4362.0
北海道,檜山郡厚沢部町,3500.0
北海道,爾志郡乙部町,3331.0
北海道,奥尻郡奥尻町,2346.0
北海道,瀬棚郡今金町,4775.0
北海道,久遠郡せたな町,7147.0
北海道,島牧郡島牧村,1312.0
北海道,寿都郡寿都町,2738.0
北海道,寿都郡黒松内町,2612.0
北海道,磯谷郡蘭越町,4493.0
北海道,虻田郡ニセコ町,5088.0
北海道,虻田郡真狩村,1937.0
北海道,虻田郡留寿都村,1886.0
北海道,虻田郡喜茂別町,1988.0
北海道,虻田郡京極町,2844.0
北海道,虻田郡倶知安町,15636.0
北海道,岩内郡共和町,5508.0
北海道,岩内郡岩内町,11343.0
北海道,古宇郡泊村,1498.0
北海道,古宇郡神恵内村,782.0
北海道,積丹郡積丹町,1824.0
北海道,古平郡古平町,2720.0
北海道,余市郡仁木町,3128.0
北海道,余市郡余市町,17561.0
北海道,余市郡赤井川村,1106.0
北海道,空知郡南幌町,7546.0
北海道,空知郡奈井江町,4966.0
北海道,空知郡上砂川町,2578.0
北海道,夕張郡由仁町,4783.0
北海道,夕張郡長沼町,10158.0
北海道,夕張郡栗山町,11107.0
北海道,樺戸郡月形町,2864.0
北海道,樺戸郡浦臼町,1651.0
北海道,樺戸郡新十津川町,6389.0
北海道,雨竜郡妹背牛町,2691.0
北海道,雨竜郡秩父別町,2297.0
北海道,雨竜郡雨竜町,2154.0
北海道,雨竜郡北竜町,1674.0
北海道,雨竜郡沼田町,2900.0
北海道,上川郡鷹栖町,6666.0
北海道,上川郡東神楽町,9945.0
北海道,上川郡当麻町,6174.0
北海道,上川郡比布町,3505.0
北海道,上川郡愛別町,2569.0
北海道,上川郡上川町,3202.0
北海道,上川郡東川町,8601.0
北海道,上川郡美瑛町,9573.0
北海道,空知郡上富良野町,10110.0
北海道,空知郡中富良野町,4686.0
北海道,空知郡南富良野町,2341.0
北海道,勇払郡占冠村,1394.0
北海道,上川郡和寒町,3006.0
北海道,上川郡剣淵町,2888.0
北海道,上川郡下川町,3027.0
北海道,中川郡美深町,3890.0
北海道,中川郡音威子府村,668.0
北海道,中川郡中川町,1336.0
北海道,雨竜郡幌加内町,1308.0
北海道,増毛郡増毛町,3853.0
北海道,留萌郡小平町,2838.0
北海道,苫前郡苫前町,2839.0
北海道,苫前郡羽幌町,6361.0
北海道,苫前郡初山別村,1081.0
北海道,天塩郡遠別町,2423.0
北海道,天塩郡天塩町,2814.0
北海道,宗谷郡猿払村,2637.0
北海道,枝幸郡浜頓別町,3351.0
北海道,枝幸郡中頓別町,1570.0
北海道,枝幸郡枝幸町,7467.0
北海道,天塩郡豊富町,3702.0
北海道,礼文郡礼文町,2314.0
北海道,利尻郡利尻町,1894.0
北海道,利尻郡利尻富士町,2259.0
北海道,天塩郡幌延町,2196.0
北海道,網走郡美幌町,18171.0
北海道,網走郡津別町,4211.0
北海道,斜里郡斜里町,10888.0
北海道,斜里郡清里町,3803.0
北海道,斜里郡小清水町,4501.0
北海道,常呂郡訓子府町,4636.0
北海道,常呂郡置戸町,2671.0
北海道,常呂郡佐呂間町,4767.0
北海道,紋別郡遠軽町,18511.0
北海道,紋別郡湧別町,8096.0
北海道,紋別郡滝上町,2363.0
北海道,紋別郡興部町,3595.0
北海道,紋別郡西興部村,1030.0
北海道,紋別郡雄武町,4130.0
北海道,網走郡大空町,6771.0
北海道,虻田郡豊浦町,3627.0
北海道,有珠郡壮瞥町,2362.0
北海道,白老郡白老町,15721.0
北海道,勇払郡厚真町,4381.0
北海道,虻田郡洞爺湖町,8147.0
北海道,勇払郡安平町,7314.0
北海道,勇払郡むかわ町,7488.0
北海道,沙流郡日高町,11315.0
北海道,沙流郡平取町,4594.0
北海道,新冠郡新冠町,5187.0
北海道,浦河郡浦河町,11694.0
北海道,様似郡様似町,3983.0
北海道,幌泉郡えりも町,4320.0
北海道,日高郡新ひだか町,21040.0
北海道,河東郡音更町,43268.0
北海道,河東郡士幌町,5883.0
北海道,河東郡上士幌町,4890.0
北海道,河東郡鹿追町,5144.0
北海道,上川郡新得町,5581.0
北海道,上川郡清水町,9047.0
北海道,河西郡芽室町,18029.0
北海道,河西郡中札内村,3902.0
北海道,河西郡更別村,3158.0
北海道,広尾郡大樹町,5439.0
北海道,広尾郡広尾町,6229.0
北海道,中川郡幕別町,25897.0
北海道,中川郡池田町,6159.0
北海道,中川郡豊頃町,2977.0
北海道,中川郡本別町,6375.0
北海道,足寄郡足寄町,6350.0
北海道,足寄郡陸別町,2217.0
北海道,十勝郡浦幌町,4302.0
北海道,釧路郡釧路町,18879.0
北海道,厚岸郡厚岸町,8589.0
北海道,厚岸郡浜中町,5411.0
北海道,川上郡標茶町,7179.0
北海道,川上郡弟子屈町,6699.0
北海道,阿寒郡鶴居村,2485.0
北海道,白糠郡白糠町,7234.0
北海道,野付郡別海町,14372.0
北海道,標津郡中標津町,22729.0
北海道,標津郡標津町,4952.0
北海道,目梨郡羅臼町,4488.0
青森県,青森市,271544.0
青森県,弘前市,164243.0
青森県,八戸市,221229.0
青森県,黒石市,31557.0
青森県,五所川原市,51637.0
青森県,十和田市,59024.0
青森県,三沢市,38274.0
青森県,むつ市,53884.0
青森県,つがる市,30185.0
青森県,平川市,30126.0
青森県,東津軽郡平内町,10187.0
青森県,東津軽郡今別町,2311.0
青森県,東津軽郡蓬田村,2581.0
青森県,東津軽郡外ヶ浜町,5358.0
青森県,西津軽郡鰺ヶ沢町,8981.0
青森県,西津軽郡深浦町,7280.0
青森県,中津軽郡西目屋村,1272.0
青森県,南津軽郡藤崎町,14578.0
青森県,南津軽郡大鰐町,8688.0
青森県,南津軽郡田舎館村,7419.0
青森県,北津軽郡板柳町,12714.0
青森県,北津軽郡鶴田町,11988.0
青森県,北津軽郡中泊町,10000.0
青森県,上北郡野辺地町,12341.0
青森県,上北郡七戸町,14631.0
青森県,上北郡六戸町,10836.0
青森県,上北郡横浜町,4286.0
青森県,上北郡東北町,16625.0
青森県,上北郡六ヶ所村,9886.0
青森県,上北郡おいらせ町,25284.0
青森県,下北郡大間町,4870.0
青森県,下北郡東通村,5923.0
青森県,下北郡風間浦村,1690.0
青森県,下北郡佐井村,1734.0
青森県,三戸郡三戸町,9172.0
青森県,三戸郡五戸町,16088.0
青森県,三戸郡田子町,4986.0
青森県,三戸郡南部町,16965.0
青森県,三戸郡階上町,12909.0
青森県,三戸郡新郷村,2211.0
岩手県,盛岡市,282960.0
岩手県,宮古市,48038.0
岩手県,大船渡市,33540.0
岩手県,花巻市,92385.0
岩手県,北上市,92056.0
岩手県,久慈市,32645.0
岩手県,遠野市,25058.0
岩手県,一関市,109697.0
岩手県,陸前高田市,17970.0
岩手県,釜石市,30624.0
岩手県,二戸市,25138.0
岩手県,八幡平市,23975.0
岩手県,奥州市,111632.0
岩手県,滝沢市,55273.0
岩手県,岩手郡雫石町,15559.0
岩手県,岩手郡葛巻町,5607.0
岩手県,岩手郡岩手町,12133.0
岩手県,紫波郡紫波町,33049.0
岩手県,紫波郡矢巾町,26570.0
岩手県,和賀郡西和賀町,5022.0
岩手県,胆沢郡金ケ崎町,15239.0
岩手県,西磐井郡平泉町,7010.0
岩手県,気仙郡住田町,4906.0
岩手県,上閉伊郡大槌町,10928.0
岩手県,下閉伊郡山田町,14486.0
岩手県,下閉伊郡岩泉町,8310.0
岩手県,下閉伊郡田野畑村,3061.0
岩手県,下閉伊郡普代村,2441.0
岩手県,九戸郡軽米町,8312.0
岩手県,九戸郡野田村,4027.0
岩手県,九戸郡九戸村,5365.0
岩手県,九戸郡洋野町,15421.0
岩手県,二戸郡一戸町,11233.0
宮城県,仙台市青葉区,295255.0
宮城県,仙台市宮城野区,189431.0
宮城県,仙台市若林区,137911.0
宮城県,仙台市太白区,234493.0
宮城県,仙台市泉区,210396.0
宮城県,石巻市,136822.0
宮城県,塩竈市,52474.0
宮城県,気仙沼市,58926.0
宮城県,白石市,31968.0
宮城県,名取市,79630.0
宮城県,角田市,27262.0
宮城県,多賀城市,62204.0
宮城県,岩沼市,43656.0
宮城県,登米市,74795.0
宮城県,栗原市,63299.0
宮城県,東松島市,38919.0
宮城県,大崎市,125444.0
宮城県,富谷市,52399.0
宮城県,刈田郡蔵王町,11264.0
宮城県,刈田郡七ヶ宿町,1258.0
宮城県,柴田郡大河原町,23578.0
宮城県,柴田郡村田町,10241.0
宮城県,柴田郡柴田町,36972.0
宮城県,柴田郡川崎町,8286.0
宮城県,伊具郡丸森町,12192.0
宮城県,亘理郡亘理町,33270.0
宮城県,亘理郡山元町,11726.0
宮城県,宮城郡松島町,13321.0
宮城県,宮城郡七ヶ浜町,18014.0
宮城県,宮城郡利府町,35960.0
宮城県,黒川郡大和町,28179.0
宮城県,黒川郡大郷町,7728.0
宮城県,黒川郡大衡村,5650.0
宮城県,加美郡色麻町,6401.0
宮城県,加美郡加美町,21774.0
宮城県,遠田郡涌谷町,14930.0
宮城県,遠田郡美里町,23483.0
宮城県,牡鹿郡女川町,5982.0
宮城県,本吉郡南三陸町,11979.0
秋田県,秋田市,300470.0
秋田県,能代市,49353.0
秋田県,横手市,84294.0
秋田県,大館市,68083.0
秋田県,男鹿市,24784.0
秋田県,湯沢市,41479.0
秋田県,鹿角市,28473.0
秋田県,由利本荘市,72753.0
秋田県,潟上市,31836.0
秋田県,大仙市,76537.0
秋田県,北秋田市,29339.0
秋田県,にかほ市,23047.0
秋田県,仙北市,24100.0
秋田県,鹿角郡小坂町,4688.0
秋田県,北秋田郡上小阿仁村,2029.0
秋田県,山本郡藤里町,2899.0
秋田県,山本郡三種町,15020.0
秋田県,山本郡八峰町,6473.0
秋田県,南秋田郡五城目町,8369.0
秋田県,南秋田郡八郎潟町,5376.0
秋田県,南秋田郡井川町,4386.0
秋田県,南秋田郡大潟村,3010.0
秋田県,仙北郡美郷町,18189.0
秋田県,雄勝郡羽後町,13642.0
秋田県,雄勝郡東成瀬村,2392.0
山形県,山形市,240441.0
山形県,米沢市,77232.0
山形県,鶴岡市,120398.0
山形県,酒田市,97395.0
山形県,新庄市,33374.0
山形県,寒河江市,40086.0
山形県,上山市,28584.0
山形県,村山市,22232.0
山形県,長井市,25276.0
山形県,天童市,61052.0
山形県,東根市,47982.0
山形県,尾花沢市,14433.0
山形県,南陽市,29848.0
山形県,東村,24407.0
山形県,東村山郡山辺町,13685.0
山形県,東村山郡中山町,10722.0
山形県,西村,35725.0
山形県,西村山郡河北町,17322.0
山形県,西村山郡西川町,4775.0
山形県,西村山郡朝日町,6199.0
山形県,西村山郡大江町,7429.0
山形県,北村,6322.0
山形県,北村山郡大石田町,6322.0
山形県,最上郡金山町,4981.0
山形県,最上郡最上町,7797.0
山形県,最上郡舟形町,4887.0
山形県,最上郡真室川町,6884.0
山形県,最上郡大蔵村,2939.0
山形県,最上郡鮭川村,3871.0
山形県,最上郡戸沢村,4071.0
山形県,東置賜郡高畠町,22094.0
山形県,東置賜郡川西町,13971.0
山形県,西置賜郡小国町,6938.0
山形県,西置賜郡白鷹町,12758.0
山形県,西置賜郡飯豊町,6530.0
山形県,東田川郡三川町,7195.0
山形県,東田川郡庄内町,19897.0
山形県,飽海郡遊佐町,12796.0
福島県,福島市,270744.0
福島県,会津若松市,114200.0
福島県,郡山市,317486.0
福島県,いわき市,310890.0
福島県,白河市,58743.0
福島県,須賀川市,74634.0
福島県,喜多方市,45078.0
福島県,相馬市,33355.0
福島県,二本松市,52162.0
福島県,田村市,34264.0
福島県,南相馬市,57527.0
福島県,伊達市,57558.0
福島県,本宮市,29958.0
福島県,伊達郡桑折町,11229.0
福島県,伊達郡国見町,8400.0
福島県,伊達郡川俣町,11958.0
福島県,安達郡大玉村,8762.0
福島県,岩瀬郡鏡石町,12531.0
福島県,岩瀬郡天栄村,5304.0
福島県,南会津郡下郷町,5123.0
福島県,南会津郡檜枝岐村,521.0
福島県,南会津郡只見町,3961.0
福島県,南会津郡南会津町,14176.0
福島県,耶麻郡北塩原村,2478.0
福島県,耶麻郡西会津町,5694.0
福島県,耶麻郡磐梯町,3289.0
福島県,耶麻郡猪苗代町,13145.0
福島県,河沼郡会津坂下町,14777.0
福島県,河沼郡湯川村,3073.0
福島県,河沼郡柳津町,3042.0
福島県,大沼郡三島町,1414.0
福島県,大沼郡金山町,1801.0
福島県,大沼郡昭和村,1142.0
福島県,大沼郡会津美里町,18944.0
福島県,西白河郡西郷村,20317.0
福島県,西白河郡泉崎村,6205.0
福島県,西白河郡中島村,4860.0
福島県,西白河郡矢吹町,16960.0
福島県,東白川郡棚倉町,13277.0
福島県,東白川郡矢祭町,5352.0
福島県,東白川郡塙町,8195.0
福島県,東白川郡鮫川村,3033.0
福島県,石川郡石川町,14122.0
福島県,石川郡玉川村,6312.0
福島県,石川郡平田村,5625.0
福島県,石川郡浅川町,5984.0
福島県,石川郡古殿町,4774.0
福島県,田村,25802.0
福島県,田村郡三春町,16489.0
福島県,田村郡小野町,9313.0
福島県,双葉郡広野町,4672.0
福島県,双葉郡楢葉町,6648.0
福島県,双葉郡富岡町,11736.0
福島県,双葉郡川内村,2366.0
福島県,双葉郡大熊町,10002.0
福島県,双葉郡双葉町,5539.0
福島県,双葉郡浪江町,15590.0
福島県,双葉郡葛尾村,1307.0
福島県,相馬郡新地町,7716.0
福島県,相馬郡飯舘村,4824.0
茨城県,水戸市,270010.0
茨城県,日立市,169785.0
茨城県,土浦市,141418.0
茨城県,古河市,140959.0
茨城県,石岡市,71817.0
茨城県,結城市,50349.0
茨城県,龍ケ崎市,75813.0
茨城県,下妻市,42419.0
茨城県,常総市,61562.0
茨城県,常陸太田市,48222.0
茨城県,高萩市,26866.0
茨城県,北茨城市,41448.0
茨城県,笠間市,73787.0
茨城県,取手市,106011.0
茨城県,牛久市,84293.0
茨城県,つくば市,252202.0
茨城県,ひたちなか市,156435.0
茨城県,鹿嶋市,66274.0
茨城県,潮来市,26890.0
茨城県,守谷市,70414.0
茨城県,常陸大宮市,39370.0
茨城県,那珂市,53839.0
茨城県,筑西市,101606.0
茨城県,坂東市,52639.0
茨城県,稲敷市,38377.0
茨城県,かすみがうら市,40628.0
茨城県,桜川市,39041.0
茨城県,神栖市,94710.0
茨城県,行方市,32502.0
茨城県,鉾田市,47181.0
茨城県,つくばみらい市,53004.0
茨城県,小美玉市,49224.0
茨城県,東茨城郡茨城町,31098.0
茨城県,東茨城郡大洗町,15932.0
茨城県,東茨城郡城里町,18379.0
茨城県,那珂郡東海村,38424.0
茨城県,久慈郡大子町,15444.0
茨城県,稲敷郡美浦村,14605.0
茨城県,稲敷郡阿見町,49161.0
茨城県,稲敷郡河内町,8140.0
茨城県,結城郡八千代町,21224.0
茨城県,猿島郡五霞町,8112.0
茨城県,猿島郡境町,24785.0
茨城県,北相馬郡利根町,15409.0
栃木県,宇都宮市,517497.0
栃木県,足利市,142510.0
栃木県,栃木市,155669.0
栃木県,佐野市,115088.0
栃木県,鹿沼市,94606.0
栃木県,日光市,77546.0
栃木県,小山市,167277.0
栃木県,真岡市,79391.0
栃木県,大田原市,69455.0
栃木県,矢板市,30946.0
栃木県,那須塩原市,116733.0
栃木県,さくら市,43984.0
栃木県,那須烏山市,24601.0
栃木県,下野市,60140.0
栃木県,河内郡上三川町,30886.0
栃木県,芳賀郡益子町,21876.0
栃木県,芳賀郡茂木町,11977.0
栃木県,芳賀郡市貝町,11397.0
栃木県,芳賀郡芳賀町,15549.0
栃木県,下都賀郡壬生町,38600.0
栃木県,下都賀郡野木町,25164.0
栃木県,塩谷郡塩谷町,10322.0
栃木県,塩谷郡高根沢町,29074.0
栃木県,那須郡那須町,24281.0
栃木県,那須郡那珂川町,14865.0
群馬県,前橋市,331771.0
群馬県,高崎市,369314.0
群馬県,桐生市,104647.0
群馬県,伊勢崎市,212128.0
群馬県,太田市,222403.0
群馬県,沼田市,45305.0
群馬県,館林市,74427.0
群馬県,渋川市,73968.0
群馬県,藤岡市,62884.0
群馬県,富岡市,46427.0
群馬県,安中市,55245.0
群馬県,みどり市,49423.0
群馬県,北群馬郡榛東村,14610.0
群馬県,北群馬郡吉岡町,22371.0
群馬県,多野郡上野村,1075.0
群馬県,多野郡神流町,1641.0
群馬県,甘楽郡下仁田町,6549.0
群馬県,甘楽郡南牧村,1578.0
群馬県,甘楽郡甘楽町,12601.0
群馬県,吾妻郡中之条町,14938.0
群馬県,吾妻郡長野原町,5326.0
群馬県,吾妻郡嬬恋村,9174.0
群馬県,吾妻郡草津町,6082.0
群馬県,吾妻郡高山村,3331.0
群馬県,吾妻郡東吾妻町,12661.0
群馬県,利根郡片品村,4088.0
群馬県,利根郡川場村,3105.0
群馬県,利根郡昭和村,7007.0
群馬県,利根郡みなかみ町,17602.0
群馬県,佐波郡玉村町,35980.0
群馬県,邑楽郡板倉町,13880.0
群馬県,邑楽郡明和町,10875.0
群馬県,邑楽郡千代田町,11021.0
群馬県,邑楽郡大泉町,41729.0
群馬県,邑楽郡邑楽町,25810.0
埼玉県,さいたま市西区,94583.0
埼玉県,さいたま市北区,149826.0
埼玉県,さいたま市大宮区,124002.0
埼玉県,さいたま市見沼区,165005.0
埼玉県,さいたま市中央区,103059.0
埼玉県,さいたま市桜区,96304.0
埼玉県,さいたま市浦和区,168522.0
埼玉県,さいたま市南区,193471.0
埼玉県,さいたま市緑区,132308.0
埼玉県,さいたま市岩槻区,112253.0
埼玉県,川越市,353183.0
埼玉県,熊谷市,193132.0
埼玉県,川口市,604715.0
埼玉県,行田市,78741.0
埼玉県,秩父市,59244.0
埼玉県,所沢市,344070.0
埼玉県,飯能市,78445.0
埼玉県,加須市,112179.0
埼玉県,本庄市,77526.0
埼玉県,東松山市,90651.0
埼玉県,春日部市,231726.0
埼玉県,狭山市,149360.0
埼玉県,羽生市,53951.0
埼玉県,鴻巣市,117798.0
埼玉県,深谷市,141681.0
埼玉県,上尾市,230229.0
埼玉県,草加市,250966.0
埼玉県,越谷市,343866.0
埼玉県,蕨市,75282.0
埼玉県,戸田市,141887.0
埼玉県,入間市,145718.0
埼玉県,朝霞市,144062.0
埼玉県,志木市,76416.0
埼玉県,和光市,83962.0
埼玉県,新座市,165730.0
埼玉県,桶川市,74680.0
埼玉県,久喜市,150987.0
埼玉県,北本市,65751.0
埼玉県,八潮市,92365.0
埼玉県,富士見市,112839.0
埼玉県,三郷市,142410.0
埼玉県,蓮田市,61211.0
埼玉県,坂戸市,99763.0
埼玉県,幸手市,49404.0
埼玉県,鶴ヶ島市,70190.0
埼玉県,日高市,54615.0
埼玉県,吉川市,73001.0
埼玉県,ふじみ野市,114156.0
埼玉県,白岡市,52748.0
埼玉県,北足立郡伊奈町,45221.0
埼玉県,入間郡三芳町,37738.0
埼玉県,入間郡毛呂山町,32616.0
埼玉県,入間郡越生町,11074.0
埼玉県,比企郡滑川町,19711.0
埼玉県,比企郡嵐山町,17596.0
埼玉県,比企郡小川町,28244.0
埼玉県,比企郡川島町,19188.0
埼玉県,比企郡吉見町,18117.0
埼玉県,比企郡鳩山町,13158.0
埼玉県,比企郡ときがわ町,10589.0
埼玉県,秩父郡横瀬町,7835.0
埼玉県,秩父郡皆野町,9236.0
埼玉県,秩父郡長瀞町,6660.0
埼玉県,秩父郡小鹿野町,10622.0
埼玉県,秩父郡東秩父村,2548.0
埼玉県,児玉郡美里町,10916.0
埼玉県,児玉郡神川町,13122.0
埼玉県,児玉郡上里町,30554.0
埼玉県,大里郡寄居町,32237.0
埼玉県,南埼玉郡宮代町,33514.0
埼玉県,北葛飾郡杉戸町,44168.0
埼玉県,北葛飾郡松伏町,28398.0
千葉県,千葉市中央区,211942.0
千葉県,千葉市花見川区,176669.0
千葉県,千葉市稲毛区,157905.0
千葉県,千葉市若葉区,147717.0
千葉県,千葉市緑区,130064.0
千葉県,千葉市美浜区,152719.0
千葉県,銚子市,56373.0
千葉県,市川市,491577.0
千葉県,船橋市,647037.0
千葉県,館山市,44677.0
千葉県,木更津市,136303.0
千葉県,松戸市,497120.0
千葉県,野田市,153661.0
千葉県,茂原市,87358.0
千葉県,成田市,130944.0
千葉県,佐倉市,171460.0
千葉県,東金市,57268.0
千葉県,旭市,63379.0
千葉県,習志野市,174812.0
千葉県,柏市,433733.0
千葉県,勝浦市,16097.0
千葉県,市原市,270085.0
千葉県,流山市,208401.0
千葉県,八千代市,204717.0
千葉県,我孫子市,130964.0
千葉県,鴨川市,31277.0
千葉県,鎌ケ谷市,109564.0
千葉県,君津市,81176.0
千葉県,富津市,41773.0
千葉県,浦安市,169552.0
千葉県,四街道市,96226.0
千葉県,袖ケ浦市,65659.0
千葉県,八街市,67396.0
千葉県,印西市,109953.0
千葉県,白井市,62845.0
千葉県,富里市,49404.0
千葉県,南房総市,35593.0
千葉県,匝瑳市,34338.0
千葉県,香取市,71868.0
千葉県,山武市,49103.0
千葉県,いすみ市,35896.0
千葉県,大網白里市,48417.0
千葉県,印旛郡酒々井町,20339.0
千葉県,印旛郡栄町,19933.0
千葉県,香取郡神崎町,5761.0
千葉県,香取郡多古町,13813.0
千葉県,香取郡東庄町,13125.0
千葉県,山武郡九十九里町,14625.0
千葉県,山武郡芝山町,6905.0
千葉県,山武郡横芝光町,22697.0
千葉県,長生郡一宮町,12304.0
千葉県,長生郡睦沢町,6746.0
千葉県,長生郡長生村,13738.0
千葉県,長生郡白子町,10721.0
千葉県,長生郡長柄町,6444.0
千葉県,長生郡長南町,7433.0
千葉県,夷隅郡大多喜町,8365.0
千葉県,夷隅郡御宿町,7114.0
千葉県,安房郡鋸南町,6990.0
東京都,千代田区,67911.0
東京都,中央区,174074.0
東京都,港区,261615.0
東京都,新宿区,346279.0
東京都,文京区,229653.0
東京都,台東区,207479.0
東京都,墨田区,279985.0
東京都,江東区,532882.0
東京都,品川区,404196.0
東京都,目黒区,278635.0
東京都,大田区,728425.0
東京都,世田谷区,915439.0
東京都,渋谷区,229412.0
東京都,中野区,333593.0
東京都,杉並区,570786.0
東京都,豊島区,288704.0
東京都,北区,353732.0
東京都,荒川区,216814.0
東京都,板橋区,568241.0
東京都,練馬区,738914.0
東京都,足立区,690114.0
東京都,葛飾区,464175.0
東京都,江戸川区,688153.0
東京都,八王子市,562145.0
東京都,立川市,185483.0
東京都,武蔵野市,147964.0
東京都,三鷹市,189916.0
東京都,青梅市,130274.0
東京都,府中市,259924.0
東京都,昭島市,114259.0
東京都,調布市,238505.0
東京都,町田市,430831.0
東京都,小金井市,124756.0
東京都,小平市,196924.0
東京都,日野市,187254.0
東京都,東村山市,151814.0
東京都,国分寺市,128238.0
東京都,国立市,76168.0
東京都,福生市,56201.0
東京都,狛江市,82749.0
東京都,東大和市,84870.0
東京都,清瀬市,74702.0
東京都,東久留米市,116839.0
東京都,武蔵村山市,71296.0
東京都,多摩市,148210.0
東京都,稲城市,93421.0
東京都,羽村市,54504.0
東京都,あきる野市,79807.0
東京都,西東京市,205876.0
東京都,西多摩郡瑞穂町,32161.0
東京都,西多摩郡日の出町,16409.0
東京都,西多摩郡檜原村,2038.0
東京都,西多摩郡奥多摩町,4746.0
東京都,大島町,7150.0
東京都,利島村,317.0
東京都,新島村,2495.0
東京都,神津島村,1813.0
東京都,三宅村,2301.0
東京都,御蔵島村,292.0
東京都,八丈町,7053.0
東京都,青ヶ島村,168.0
東京都,小笠原村,2581.0
神奈川県,横浜市鶴見区,293430.0
神奈川県,横浜市神奈川区,242940.0
神奈川県,横浜市西区,104408.0
神奈川県,横浜市中区,152949.0
神奈川県,横浜市南区,198745.0
神奈川県,横浜市保土ケ谷区,203266.0
神奈川県,横浜市磯子区,166575.0
神奈川県,横浜市金沢区,194944.0
神奈川県,横浜市港北区,354558.0
神奈川県,横浜市戸塚区,282160.0
神奈川県,横浜市港南区,214052.0
神奈川県,横浜市旭区,243849.0
神奈川県,横浜市緑区,181749.0
神奈川県,横浜市瀬谷区,122164.0
神奈川県,横浜市栄区,121318.0
神奈川県,横浜市泉区,152035.0
神奈川県,横浜市青葉区,309573.0
神奈川県,横浜市都筑区,214930.0
神奈川県,川崎市川崎区,232123.0
神奈川県,川崎市幸区,172312.0
神奈川県,川崎市中原区,261075.0
神奈川県,川崎市高津区,230205.0
神奈川県,川崎市多摩区,215269.0
神奈川県,川崎市宮前区,234495.0
神奈川県,川崎市麻生区,178547.0
神奈川県,相模原市緑区,167923.0
神奈川県,相模原市中央区,272439.0
神奈川県,相模原市南区,278756.0
神奈川県,横須賀市,388197.0
神奈川県,平塚市,256005.0
神奈川県,鎌倉市,176460.0
神奈川県,藤沢市,445177.0
神奈川県,小田原市,187880.0
神奈川県,茅ヶ崎市,246394.0
神奈川県,逗子市,58959.0
神奈川県,三浦市,41297.0
神奈川県,秦野市,159646.0
神奈川県,厚木市,223836.0
神奈川県,大和市,244421.0
神奈川県,伊勢原市,99910.0
神奈川県,海老名市,138969.0
神奈川県,座間市,131527.0
神奈川県,南足柄市,41057.0
神奈川県,綾瀬市,84376.0
神奈川県,三浦郡葉山町,32623.0
神奈川県,高座郡寒川町,49063.0
神奈川県,中郡大磯町,32265.0
神奈川県,中郡二宮町,27925.0
神奈川県,足柄上郡中井町,9068.0
神奈川県,足柄上郡大井町,17363.0
神奈川県,足柄上郡松田町,10616.0
神奈川県,足柄上郡山北町,9577.0
神奈川県,足柄上郡開成町,18566.0
神奈川県,足柄下郡箱根町,10845.0
神奈川県,足柄下郡真鶴町,6880.0
神奈川県,足柄下郡湯河原町,23899.0
神奈川県,愛甲郡愛川町,39601.0
神奈川県,愛甲郡清川村,2812.0
新潟県,新潟市北区,71869.0
新潟県,新潟市東区,133060.0
新潟県,新潟市中央区,173153.0
新潟県,新潟市江南区,68237.0
新潟県,新潟市秋葉区,75210.0
新潟県,新潟市南区,43150.0
新潟県,新潟市西区,155001.0
新潟県,新潟市西蒲区,54234.0
新潟県,長岡市,261287.0
新潟県,三条市,93403.0
新潟県,柏崎市,78901.0
新潟県,新発田市,94098.0
新潟県,小千谷市,33722.0
新潟県,加茂市,25052.0
新潟県,十日町市,49172.0
新潟県,見附市,39045.0
新潟県,村上市,55919.0
新潟県,燕市,77401.0
新潟県,糸魚川市,39772.0
新潟県,妙高市,30345.0
新潟県,五泉市,47274.0
新潟県,上越市,184941.0
新潟県,阿賀野市,40353.0
新潟県,佐渡市,50651.0
新潟県,魚沼市,33722.0
新潟県,南魚沼市,53962.0
新潟県,胎内市,27718.0
新潟県,北蒲原郡聖籠町,14129.0
新潟県,西蒲原郡弥彦村,7694.0
新潟県,南蒲原郡田上町,11023.0
新潟県,東蒲原郡阿賀町,9779.0
新潟県,三島郡出雲崎町,4119.0
新潟県,南魚沼郡湯沢町,7971.0
新潟県,中魚沼郡津南町,8865.0
新潟県,刈羽郡刈羽村,4351.0
新潟県,岩船郡関川村,4996.0
新潟県,岩船郡粟島浦村,329.0
富山県,富山市,409075.0
富山県,高岡市,165714.0
富山県,魚津市,39919.0
富山県,氷見市,44076.0
富山県,滑川市,32878.0
富山県,黒部市,40072.0
富山県,砺波市,47347.0
富山県,小矢部市,28602.0
富山県,南砺市,47778.0
富山県,射水市,91450.0
富山県,中新川郡舟橋村,3271.0
富山県,中新川郡上市町,19228.0
富山県,中新川郡立山町,24920.0
富山県,下新川郡入善町,23136.0
富山県,下新川郡朝日町,10974.0
石川県,金沢市,447181.0
石川県,七尾市,49259.0
石川県,小松市,106405.0
石川県,輪島市,24021.0
石川県,珠洲市,12948.0
石川県,加賀市,63486.0
石川県,羽咋市,20166.0
石川県,かほく市,35931.0
石川県,白山市,112916.0
石川県,能美市,49708.0
石川県,野々市市,54130.0
石川県,能美郡川北町,6157.0
石川県,河北郡津幡町,37508.0
石川県,河北郡内灘町,26154.0
石川県,羽咋郡志賀町,18747.0
石川県,羽咋郡宝達志水町,12257.0
石川県,鹿島郡中能登町,17119.0
石川県,鳳珠郡穴水町,7574.0
石川県,鳳珠郡能登町,15636.0
福井県,福井市,257941.0
福井県,敦賀市,63662.0
福井県,小浜市,28317.0
福井県,大野市,30969.0
福井県,勝山市,21821.0
福井県,鯖江市,68863.0
福井県,あわら市,26900.0
福井県,越前市,80726.0
福井県,坂井市,89369.0
福井県,吉田郡永平寺町,18037.0
福井県,今立郡池田町,2327.0
福井県,南条郡南越前町,9825.0
福井県,丹生郡越前町,20394.0
福井県,三方郡美浜町,9002.0
福井県,大飯郡高浜町,9848.0
福井県,大飯郡おおい町,7906.0
福井県,三方上中郡若狭町,13870.0
山梨県,甲府市,186393.0
山梨県,富士吉田市,47298.0
山梨県,都留市,29168.0
山梨県,山梨市,33511.0
山梨県,大月市,22204.0
山梨県,韮崎市,28356.0
山梨県,南アルプス市,71631.0
山梨県,北杜市,45984.0
山梨県,甲斐市,76598.0
山梨県,笛吹市,67641.0
山梨県,上野原市,22019.0
山梨県,甲州市,29925.0
山梨県,中央市,30802.0
山梨県,西八代郡市川三郷町,14976.0
山梨県,南巨摩郡早川町,929.0
山梨県,南巨摩郡身延町,10391.0
山梨県,南巨摩郡南部町,7079.0
山梨県,南巨摩郡富士川町,14340.0
山梨県,中巨摩郡昭和町,21101.0
山梨県,南都留郡道志村,1557.0
山梨県,南都留郡西桂町,4084.0
山梨県,南都留郡忍野村,9799.0
山梨県,南都留郡山中湖村,5751.0
山梨県,南都留郡鳴沢村,3121.0
山梨県,南都留郡富士河口湖町,26765.0
山梨県,北都留郡小菅村,657.0
山梨県,北都留郡丹波山村,535.0
長野県,長野市,368785.0
長野県,松本市,236447.0
長野県,上田市,153507.0
長野県,岡谷市,47691.0
長野県,飯田市,97322.0
長野県,諏訪市,48385.0
長野県,須坂市,49776.0
長野県,小諸市,41623.0
長野県,伊那市,66016.0
長野県,駒ヶ根市,31892.0
長野県,中野市,43030.0
長野県,大町市,26085.0
長野県,飯山市,19705.0
長野県,茅野市,54637.0
長野県,塩尻市,66118.0
長野県,佐久市,98198.0
長野県,千曲市,59529.0
長野県,東御市,29557.0
長野県,安曇野市,96605.0
長野県,南佐久郡小海町,4329.0
長野県,南佐久郡川上村,3806.0
長野県,南佐久郡南牧村,3035.0
長野県,南佐久郡南相木村,966.0
長野県,南佐久郡北相木村,680.0
長野県,南佐久郡佐久穂町,10488.0
長野県,北佐久郡軽井沢町,21510.0
長野県,北佐久郡御代田町,16221.0
長野県,北佐久郡立科町,6843.0
長野県,小県郡青木村,4244.0
長野県,小県郡長和町,5738.0
長野県,諏訪郡下諏訪町,19108.0
長野県,諏訪郡富士見町,14226.0
長野県,諏訪郡原村,8063.0
長野県,上伊那郡辰野町,18611.0
長野県,上伊那郡箕輪町,24662.0
長野県,上伊那郡飯島町,9078.0
長野県,上伊那郡南箕輪村,16010.0
長野県,上伊那郡中川村,4712.0
長野県,上伊那郡宮田村,8837.0
長野県,下伊那郡松川町,12742.0
長野県,下伊那郡高森町,12918.0
長野県,下伊那郡阿南町,4210.0
長野県,下伊那郡阿智村,6055.0
長野県,下伊那郡平谷村,386.0
長野県,下伊那郡根羽村,865.0
長野県,下伊那郡下條村,3551.0
長野県,下伊那郡売木村,495.0
長野県,下伊那郡天龍村,1130.0
長野県,下伊那郡泰阜村,1531.0
長野県,下伊那郡喬木村,6040.0
長野県,下伊那郡豊丘村,6603.0
長野県,下伊那郡大鹿村,926.0
長野県,木曽郡上松町,4071.0
長野県,木曽郡南木曽町,3876.0
長野県,木曽郡木祖村,2637.0
長野県,木曽郡王滝村,682.0
長野県,木曽郡大桑村,3396.0
長野県,木曽郡木曽町,10219.0
長野県,東筑摩郡麻績村,2536.0
長野県,東筑摩郡生坂村,1698.0
長野県,東筑摩郡山形村,8538.0
長野県,東筑摩郡朝日村,4359.0
長野県,東筑摩郡筑北村,4175.0
長野県,北安曇郡池田町,9381.0
長野県,北安曇郡松川村,9605.0
長野県,北安曇郡白馬村,8782.0
長野県,北安曇郡小谷村,2725.0
長野県,埴科郡坂城町,14254.0
長野県,上高井郡小布施町,10992.0
長野県,上高井郡高山村,6649.0
長野県,下高井郡山ノ内町,11499.0
長野県,下高井郡木島平村,4438.0
長野県,下高井郡野沢温泉村,3441.0
長野県,上水内郡信濃町,7828.0
長野県,上水内郡小川村,2314.0
長野県,上水内郡飯綱町,10534.0
長野県,下水内郡栄村,1642.0
岐阜県,岐阜市,402400.0
岐阜県,大垣市,159280.0
岐阜県,高山市,84338.0
岐阜県,多治見市,107278.0
岐阜県,関市,85537.0
岐阜県,中津川市,75401.0
岐阜県,美濃市,19494.0
岐阜県,瑞浪市,36105.0
岐阜県,羽島市,67076.0
岐阜県,恵那市,47564.0
岐阜県,美濃加茂市,57220.0
岐阜県,土岐市,55842.0
岐阜県,各務原市,145570.0
岐阜県,可児市,100612.0
岐阜県,山県市,25545.0
岐阜県,瑞穂市,55985.0
岐阜県,飛騨市,22527.0
岐阜県,本巣市,33092.0
岐阜県,郡上市,39115.0
岐阜県,下呂市,30118.0
岐阜県,海津市,32582.0
岐阜県,羽島郡岐南町,26243.0
岐阜県,羽島郡笠松町,21828.0
岐阜県,養老郡養老町,26858.0
岐阜県,不破郡垂井町,26255.0
岐阜県,不破郡関ケ原町,6466.0
岐阜県,安八郡神戸町,18577.0
岐阜県,安八郡輪之内町,9326.0
岐阜県,安八郡安八町,14512.0
岐阜県,揖斐郡揖斐川町,19536.0
岐阜県,揖斐郡大野町,22056.0
岐阜県,揖斐郡池田町,22990.0
岐阜県,本巣郡北方町,18695.0
岐阜県,加茂郡坂祝町,8084.0
岐阜県,加茂郡富加町,5760.0
岐阜県,加茂郡川辺町,9962.0
岐阜県,加茂郡七宗町,3373.0
岐阜県,加茂郡八百津町,10274.0
岐阜県,加茂郡白川町,7421.0
岐阜県,加茂郡東白川村,2109.0
岐阜県,可児郡御嵩町,17775.0
岐阜県,大野郡白川村,1513.0
静岡県,静岡市葵区,247808.0
静岡県,静岡市駿河区,207710.0
静岡県,静岡市清水区,228221.0
静岡県,浜松市中区,235561.0
静岡県,浜松市東区,129754.0
静岡県,浜松市西区,107797.0
静岡県,浜松市南区,101578.0
静岡県,浜松市北区,92140.0
静岡県,浜松市浜北区,99643.0
静岡県,浜松市天竜区,26231.0
静岡県,沼津市,189632.0
静岡県,熱海市,34433.0
静岡県,三島市,107204.0
静岡県,富士宮市,129250.0
静岡県,伊東市,66286.0
静岡県,島田市,96496.0
静岡県,富士市,249094.0
静岡県,磐田市,167520.0
静岡県,焼津市,137199.0
静岡県,掛川市,115873.0
静岡県,藤枝市,142387.0
静岡県,御殿場市,85267.0
静岡県,袋井市,88562.0
静岡県,下田市,20099.0
静岡県,裾野市,49779.0
静岡県,湖西市,58400.0
静岡県,伊豆市,28872.0
静岡県,御前崎市,30706.0
静岡県,菊川市,47738.0
静岡県,伊豆の国市,47261.0
静岡県,牧之原市,43497.0
静岡県,賀茂郡東伊豆町,11414.0
静岡県,賀茂郡河津町,6728.0
静岡県,賀茂郡南伊豆町,7726.0
静岡県,賀茂郡松崎町,5971.0
静岡県,賀茂郡西伊豆町,7098.0
静岡県,田方郡函南町,37042.0
静岡県,駿東郡清水町,31837.0
静岡県,駿東郡長泉町,43553.0
静岡県,駿東郡小山町,17611.0
静岡県,榛原郡吉田町,29286.0
静岡県,榛原郡川根本町,6078.0
静岡県,周智郡森町,17431.0
愛知県,名古屋市千種区,159535.0
愛知県,名古屋市東区,82598.0
愛知県,名古屋市北区,161871.0
愛知県,名古屋市西区,147096.0
愛知県,名古屋市中村区,134970.0
愛知県,名古屋市中区,92840.0
愛知県,名古屋市昭和区,105980.0
愛知県,名古屋市瑞穂区,107509.0
愛知県,名古屋市熱田区,65265.0
愛知県,名古屋市中川区,216956.0
愛知県,名古屋市港区,142485.0
愛知県,名古屋市南区,133361.0
愛知県,名古屋市守山区,176879.0
愛知県,名古屋市緑区,249657.0
愛知県,名古屋市名東区,160293.0
愛知県,名古屋市天白区,157559.0
愛知県,豊橋市,370761.0
愛知県,岡崎市,384422.0
愛知県,一宮市,380201.0
愛知県,瀬戸市,128122.0
愛知県,半田市,117747.0
愛知県,春日井市,308937.0
愛知県,豊川市,186524.0
愛知県,津島市,60623.0
愛知県,碧南市,72645.0
愛知県,刈谷市,152372.0
愛知県,豊田市,417432.0
愛知県,安城市,188843.0
愛知県,西尾市,170332.0
愛知県,蒲郡市,78666.0
愛知県,犬山市,72733.0
愛知県,常滑市,58452.0
愛知県,江南市,99039.0
愛知県,小牧市,150434.0
愛知県,稲沢市,134281.0
愛知県,新城市,43812.0
愛知県,東海市,113625.0
愛知県,大府市,92828.0
愛知県,知多市,84002.0
愛知県,知立市,72030.0
愛知県,尾張旭市,83986.0
愛知県,高浜市,49154.0
愛知県,岩倉市,47821.0
愛知県,豊明市,68325.0
愛知県,日進市,93774.0
愛知県,田原市,59596.0
愛知県,愛西市,61618.0
愛知県,清須市,69194.0
愛知県,弥富市,43861.0
愛知県,みよし市,61485.0
愛知県,あま市,88787.0
愛知県,長久手市,60985.0
愛知県,愛知郡東郷町,43784.0
愛知県,西春日井郡豊山町,15929.0
愛知県,丹羽郡大口町,24234.0
愛知県,丹羽郡扶桑町,35026.0
愛知県,海部郡大治町,33356.0
愛知県,海部郡蟹江町,37144.0
愛知県,海部郡飛島村,4657.0
愛知県,知多郡阿久比町,28438.0
愛知県,知多郡東浦町,50283.0
愛知県,知多郡南知多町,16322.0
愛知県,知多郡美浜町,21131.0
愛知県,知多郡武豊町,43363.0
愛知県,額田郡幸田町,42283.0
愛知県,北設楽郡設楽町,4342.0
愛知県,北設楽郡東栄町,2850.0
愛知県,北設楽郡豊根村,987.0
三重県,津市,272645.0
三重県,四日市市,309719.0
三重県,伊勢市,121770.0
三重県,松阪市,159000.0
三重県,桑名市,139563.0
三重県,鈴鹿市,196461.0
三重県,名張市,76190.0
三重県,尾鷲市,16319.0
三重県,亀山市,49503.0
三重県,鳥羽市,17215.0
三重県,熊野市,15738.0
三重県,いなべ市,44797.0
三重県,志摩市,46159.0
三重県,伊賀市,87168.0
三重県,桑名郡木曽岬町,5994.0
三重県,員弁郡東員町,25934.0
三重県,三重郡菰野町,41283.0
三重県,三重郡朝日町,11106.0
三重県,三重郡川越町,15535.0
三重県,多気郡多気町,14000.0
三重県,多気郡明和町,22910.0
三重県,多気郡大台町,8595.0
三重県,度会郡玉城町,15162.0
三重県,度会郡度会町,7806.0
三重県,度会郡大紀町,7633.0
三重県,度会郡南伊勢町,11221.0
三重県,北牟婁郡紀北町,14479.0
三重県,南牟婁郡御浜町,8086.0
三重県,南牟婁郡紀宝町,10436.0
滋賀県,大津市,344552.0
滋賀県,彦根市,111648.0
滋賀県,長浜市,115009.0
滋賀県,近江八幡市,82025.0
滋賀県,草津市,138336.0
滋賀県,守山市,85619.0
滋賀県,栗東市,70578.0
滋賀県,甲賀市,89038.0
滋賀県,野洲市,50711.0
滋賀県,湖南市,54601.0
滋賀県,高島市,46394.0
滋賀県,東近江市,112586.0
滋賀県,米原市,37761.0
滋賀県,蒲生郡日野町,20987.0
滋賀県,蒲生郡竜王町,11543.0
滋賀県,愛知郡愛荘町,21332.0
滋賀県,犬上郡豊郷町,7208.0
滋賀県,犬上郡甲良町,6595.0
滋賀県,犬上郡多賀町,7466.0
京都府,京都市北区,108282.0
京都府,京都市上京区,75584.0
京都府,京都市左京区,152205.0
京都府,京都市中京区,104980.0
京都府,京都市東山区,33336.0
京都府,京都市下京区,76535.0
京都府,京都市南区,99969.0
京都府,京都市右京区,192282.0
京都府,京都市伏見区,268716.0
京都府,京都市山科区,127792.0
京都府,京都市西京区,145509.0
京都府,福知山市,76075.0
京都府,舞鶴市,78194.0
京都府,綾部市,31959.0
京都府,宇治市,182144.0
京都府,宮津市,16721.0
京都府,亀岡市,87090.0
京都府,城陽市,74591.0
京都府,向日市,56794.0
京都府,長岡京市,81946.0
京都府,八幡市,69469.0
京都府,京田辺市,71367.0
京都府,京丹後市,51981.0
京都府,南丹市,30499.0
京都府,木津川市,80109.0
京都府,乙訓郡大山崎町,16524.0
京都府,久世郡久御山町,15505.0
京都府,綴喜郡井手町,7009.0
京都府,綴喜郡宇治田原町,8893.0
京都府,相楽郡笠置町,1159.0
京都府,相楽郡和束町,3600.0
京都府,相楽郡精華町,36790.0
京都府,相楽郡南山城村,2505.0
京都府,船井郡京丹波町,13005.0
京都府,与謝郡伊根町,1951.0
京都府,与謝郡与謝野町,20199.0
大阪府,大阪市都島区,105343.0
大阪府,大阪市福島区,79199.0
大阪府,大阪市此花区,65269.0
大阪府,大阪市西区,105944.0
大阪府,大阪市港区,79247.0
大阪府,大阪市大正区,62503.0
大阪府,大阪市天王寺区,81573.0
大阪府,大阪市浪速区,73794.0
大阪府,大阪市西淀川区,97337.0
大阪府,大阪市東淀川区,171158.0
大阪府,大阪市東成区,84985.0
大阪府,大阪市生野区,125938.0
大阪府,大阪市旭区,89393.0
大阪府,大阪市城東区,169828.0
大阪府,大阪市阿倍野区,111488.0
大阪府,大阪市住吉区,151500.0
大阪府,大阪市東住吉区,131440.0
大阪府,大阪市西成区,104875.0
大阪府,大阪市淀川区,181197.0
大阪府,大阪市鶴見区,112177.0
大阪府,大阪市住之江区,117991.0
大阪府,大阪市平野区,190366.0
大阪府,大阪市北区,136637.0
大阪府,大阪市中央区,112405.0
大阪府,堺市堺区,146786.0
大阪府,堺市中区,120223.0
大阪府,堺市東区,86127.0
大阪府,堺市西区,136136.0
大阪府,堺市南区,136432.0
大阪府,堺市北区,158176.0
大阪府,堺市美原区,37548.0
大阪府,岸和田市,189396.0
大阪府,豊中市,407695.0
大阪府,池田市,103074.0
大阪府,吹田市,381316.0
大阪府,泉大津市,73282.0
大阪府,高槻市,348530.0
大阪府,貝塚市,83156.0
大阪府,守口市,142014.0
大阪府,枚方市,396252.0
大阪府,茨木市,284921.0
大阪府,八尾市,261998.0
大阪府,泉佐野市,98545.0
大阪府,富田林市,108105.0
大阪府,寝屋川市,227544.0
大阪府,河内長野市,100484.0
大阪府,松原市,116966.0
大阪府,大東市,117294.0
大阪府,和泉市,183761.0
大阪府,箕面市,139128.0
大阪府,柏原市,67226.0
大阪府,羽曳野市,108961.0
大阪府,門真市,117937.0
大阪府,摂津市,86457.0
大阪府,高石市,56992.0
大阪府,藤井寺市,63336.0
大阪府,泉南市,59635.0
大阪府,四條畷市,54765.0
大阪府,交野市,77363.0
大阪府,大阪狭山市,58292.0
大阪府,阪南市,51579.0
大阪府,三島郡島本町,31646.0
大阪府,豊能郡豊能町,18526.0
大阪府,豊能郡能勢町,9267.0
大阪府,泉北郡忠岡町,16675.0
大阪府,泉南郡熊取町,43013.0
大阪府,泉南郡田尻町,8498.0
大阪府,泉南郡岬町,14793.0
大阪府,南河内郡太子町,12959.0
大阪府,南河内郡河南町,14995.0
大阪府,南河内郡千早赤阪村,4893.0
兵庫県,神戸市東灘区,212005.0
兵庫県,神戸市灘区,132572.0
兵庫県,神戸市兵庫区,109645.0
兵庫県,神戸市長田区,96019.0
兵庫県,神戸市須磨区,158105.0
兵庫県,神戸市垂水区,214978.0
兵庫県,神戸市北区,212127.0
兵庫県,神戸市中央区,139208.0
兵庫県,神戸市西区,236258.0
兵庫県,姫路市,528459.0
兵庫県,尼崎市,458895.0
兵庫県,明石市,305404.0
兵庫県,西宮市,482796.0
兵庫県,洲本市,41826.0
兵庫県,芦屋市,95378.0
兵庫県,伊丹市,202539.0
兵庫県,相生市,27974.0
兵庫県,豊岡市,77758.0
兵庫県,加古川市,259884.0
兵庫県,赤穂市,45440.0
兵庫県,西脇市,38716.0
兵庫県,宝塚市,230788.0
兵庫県,三木市,74872.0
兵庫県,高砂市,88166.0
兵庫県,川西市,155098.0
兵庫県,小野市,47451.0
兵庫県,三田市,108387.0
兵庫県,加西市,42265.0
兵庫県,丹波篠山市,39923.0
兵庫県,養父市,21969.0
兵庫県,丹波市,61717.0
兵庫県,南あわじ市,45193.0
兵庫県,朝来市,28676.0
兵庫県,淡路市,42437.0
兵庫県,宍粟市,35309.0
兵庫県,加東市,39719.0
兵庫県,たつの市,74081.0
兵庫県,川辺郡猪名川町,29570.0
兵庫県,多可郡多可町,19463.0
兵庫県,加古郡稲美町,30658.0
兵庫県,加古郡播磨町,34811.0
兵庫県,神崎郡市川町,11119.0
兵庫県,神崎郡福崎町,18746.0
兵庫県,神崎郡神河町,10661.0
兵庫県,揖保郡太子町,33773.0
兵庫県,赤穂郡上郡町,14090.0
兵庫県,佐用郡佐用町,15499.0
兵庫県,美方郡香美町,16024.0
兵庫県,美方郡新温泉町,13416.0
奈良県,奈良市,351418.0
奈良県,大和高田市,62845.0
奈良県,大和郡山市,83891.0
奈良県,天理市,62081.0
奈良県,橿原市,119985.0
奈良県,桜井市,55508.0
奈良県,五條市,28039.0
奈良県,御所市,24070.0
奈良県,生駒市,117946.0
奈良県,香芝市,78782.0
奈良県,葛城市,37805.0
奈良県,宇陀市,27941.0
奈良県,山辺郡山添村,3228.0
奈良県,生駒郡平群町,18434.0
奈良県,生駒郡三郷町,22540.0
奈良県,生駒郡斑鳩町,28160.0
奈良県,生駒郡安堵町,7100.0
奈良県,磯城郡川西町,8217.0
奈良県,磯城郡三宅町,6601.0
奈良県,磯城郡田原本町,31695.0
奈良県,宇陀郡曽爾村,1321.0
奈良県,宇陀郡御杖村,1458.0
奈良県,高市,11594.0
奈良県,高市郡高取町,6306.0
奈良県,高市郡明日香村,5288.0
奈良県,北葛城郡上牧町,21612.0
奈良県,北葛城郡王寺町,24026.0
奈良県,北葛城郡広陵町,35284.0
奈良県,北葛城郡河合町,17065.0
奈良県,吉野郡吉野町,6251.0
奈良県,吉野郡大淀町,16438.0
奈良県,吉野郡下市町,4746.0
奈良県,吉野郡黒滝村,627.0
奈良県,吉野郡天川村,1265.0
奈良県,吉野郡野迫川村,336.0
奈良県,吉野郡十津川村,2960.0
奈良県,吉野郡下北山村,815.0
奈良県,吉野郡上北山村,454.0
奈良県,吉野郡川上村,1262.0
奈良県,吉野郡東吉野村,1585.0
和歌山県,和歌山市,359654.0
和歌山県,海南市,47910.0
和歌山県,橋本市,60295.0
和歌山県,有田市,26214.0
和歌山県,御坊市,22049.0
和歌山県,田辺市,69716.0
和歌山県,新宮市,26924.0
和歌山県,紀の川市,59981.0
和歌山県,岩出市,54215.0
和歌山県,海草郡紀美野町,8098.0
和歌山県,伊都郡かつらぎ町,15915.0
和歌山県,伊都郡九度山町,3840.0
和歌山県,伊都郡高野町,2732.0
和歌山県,有田郡湯浅町,11172.0
和歌山県,有田郡広川町,6661.0
和歌山県,有田郡有田川町,25641.0
和歌山県,日高郡美浜町,6625.0
和歌山県,日高郡日高町,7959.0
和歌山県,日高郡由良町,5282.0
和歌山県,日高郡印南町,7915.0
和歌山県,日高郡みなべ町,11988.0
和歌山県,日高郡日高川町,9360.0
和歌山県,西牟婁郡白浜町,20463.0
和歌山県,西牟婁郡上富田町,15709.0
和歌山県,西牟婁郡すさみ町,3659.0
和歌山県,東牟婁郡那智勝浦町,14036.0
和歌山県,東牟婁郡太地町,2891.0
和歌山県,東牟婁郡古座川町,2446.0
和歌山県,東牟婁郡北山村,404.0
和歌山県,東牟婁郡串本町,14715.0
鳥取県,鳥取市,183269.0
鳥取県,米子市,146139.0
鳥取県,倉吉市,44969.0
鳥取県,境港市,32985.0
鳥取県,岩美郡岩美町,11000.0
鳥取県,八頭郡若桜町,2841.0
鳥取県,八頭郡智頭町,6420.0
鳥取県,八頭郡八頭町,16113.0
鳥取県,東伯郡三朝町,6057.0
鳥取県,東伯郡湯梨浜町,16515.0
鳥取県,東伯郡琴浦町,16435.0
鳥取県,東伯郡北栄町,14508.0
鳥取県,西伯郡日吉津村,3599.0
鳥取県,西伯郡大山町,15320.0
鳥取県,西伯郡南部町,10348.0
鳥取県,西伯郡伯耆町,10420.0
鳥取県,日野郡日南町,4144.0
鳥取県,日野郡日野町,2859.0
鳥取県,日野郡江府町,2617.0
島根県,松江市,197843.0
島根県,浜田市,50681.0
島根県,出雲市,173835.0
島根県,益田市,44355.0
島根県,大田市,32773.0
島根県,安来市,36391.0
島根県,江津市,22134.0
島根県,雲南市,35738.0
島根県,仁多郡奥出雲町,11630.0
島根県,飯石郡飯南町,4560.0
島根県,邑智郡川本町,3078.0
島根県,邑智郡美郷町,4222.0
島根県,邑智郡邑南町,9961.0
島根県,鹿足郡津和野町,6784.0
島根県,鹿足郡吉賀町,5814.0
島根県,隠岐郡海士町,2238.0
島根県,隠岐郡西ノ島町,2606.0
島根県,隠岐郡知夫村,615.0
島根県,隠岐郡隠岐の島町,13551.0
岡山県,岡山市北区,295309.0
岡山県,岡山市中区,147194.0
岡山県,岡山市東区,92651.0
岡山県,岡山市南区,166866.0
岡山県,倉敷市,477799.0
岡山県,津山市,97645.0
岡山県,玉野市,55721.0
岡山県,笠岡市,45534.0
岡山県,井原市,38064.0
岡山県,総社市,69678.0
岡山県,高梁市,27650.0
岡山県,新見市,27244.0
岡山県,備前市,32068.0
岡山県,瀬戸内市,36525.0
岡山県,赤磐市,43392.0
岡山県,真庭市,42586.0
岡山県,美作市,26035.0
岡山県,浅口市,33382.0
岡山県,和気郡和気町,13423.0
岡山県,都窪郡早島町,12648.0
岡山県,浅口郡里庄町,11040.0
岡山県,小田郡矢掛町,13438.0
岡山県,真庭郡新庄村,847.0
岡山県,苫田郡鏡野町,12468.0
岡山県,勝田郡勝央町,10911.0
岡山県,勝田郡奈義町,5765.0
岡山県,英田郡西粟倉村,1368.0
岡山県,久米郡久米南町,4498.0
岡山県,久米郡美咲町,13222.0
岡山県,加賀郡吉備中央町,10507.0
広島県,広島市中区,136435.0
広島県,広島市東区,118603.0
広島県,広島市南区,141179.0
広島県,広島市西区,186779.0
広島県,広島市安佐南区,244053.0
広島県,広島市安佐北区,139552.0
広島県,広島市安芸区,77232.0
広島県,広島市佐伯区,140898.0
広島県,呉市,209241.0
広島県,竹原市,23586.0
広島県,三原市,89154.0
広島県,尾道市,130007.0
広島県,福山市,460684.0
広島県,府中市,36563.0
広島県,三次市,49557.0
広島県,庄原市,32629.0
広島県,大竹市,26064.0
広島県,廿日市市,116219.0
広島県,安芸高田市,26979.0
広島県,江田島市,21393.0
広島県,安芸郡府中町,52891.0
広島県,安芸郡海田町,30639.0
広島県,安芸郡熊野町,23485.0
広島県,安芸郡坂町,12839.0
広島県,山県郡安芸太田町,5700.0
広島県,山県郡北広島町,17471.0
広島県,豊田郡大崎上島町,7022.0
広島県,世羅郡世羅町,15167.0
広島県,神石郡神石高原町,8249.0
山口県,下関市,250645.0
山口県,宇部市,160353.0
山口県,山口市,188598.0
山口県,萩市,43685.0
山口県,防府市,113927.0
山口県,下松市,57120.0
山口県,岩国市,128609.0
山口県,光市,49461.0
山口県,長門市,31664.0
山口県,柳井市,30201.0
山口県,美祢市,22166.0
山口県,周南市,138104.0
山口県,山陽小野田市,60209.0
山口県,大島郡周防大島町,14346.0
山口県,玖珂郡和木町,5974.0
山口県,熊毛郡上関町,2390.0
山口県,熊毛郡田布施町,14550.0
山口県,熊毛郡平生町,11144.0
山口県,阿武郡阿武町,3072.0
徳島県,徳島市,249040.0
徳島県,鳴門市,54746.0
徳島県,小松島市,35894.0
徳島県,阿南市,69954.0
徳島県,吉野川市,38872.0
徳島県,阿波市,35315.0
徳島県,美馬市,27354.0
徳島県,三好市,23530.0
徳島県,勝浦郡勝浦町,4825.0
徳島県,勝浦郡上勝町,1427.0
徳島県,名東郡佐那河内村,2170.0
徳島県,名西郡石井町,25097.0
徳島県,名西郡神山町,4846.0
徳島県,那賀郡那賀町,7490.0
徳島県,海部郡牟岐町,3693.0
徳島県,海部郡美波町,6071.0
徳島県,海部郡海陽町,8645.0
徳島県,板野郡松茂町,14723.0
徳島県,板野郡北島町,23574.0
徳島県,板野郡藍住町,35579.0
徳島県,板野郡板野町,13039.0
徳島県,板野郡上板町,11474.0
徳島県,美馬郡つるぎ町,7893.0
徳島県,三好郡東みよし町,13628.0
香川県,高松市,422424.0
香川県,丸亀市,111575.0
香川県,坂出市,50931.0
香川県,善通寺市,30682.0
香川県,観音寺市,57738.0
香川県,さぬき市,45822.0
香川県,東かがわ市,28498.0
香川県,三豊市,62258.0
香川県,小豆郡土庄町,13000.0
香川県,小豆郡小豆島町,13616.0
香川県,木田郡三木町,27310.0
香川県,香川郡直島町,2949.0
香川県,綾歌郡宇多津町,18446.0
香川県,綾歌郡綾川町,23368.0
香川県,仲多度郡琴平町,8434.0
香川県,仲多度郡多度津町,22126.0
香川県,仲多度郡まんのう町,17610.0
愛媛県,松山市,503865.0
愛媛県,今治市,151608.0
愛媛県,宇和島市,70019.0
愛媛県,八幡浜市,31293.0
愛媛県,新居浜市,115314.0
愛媛県,西条市,105616.0
愛媛県,大洲市,40580.0
愛媛県,伊予市,35805.0
愛媛県,四国中央市,83426.0
愛媛県,西予市,35232.0
愛媛県,東温市,33250.0
愛媛県,越智郡上島町,6283.0
愛媛県,上浮穴郡久万高原町,7420.0
愛媛県,伊予郡松前町,30364.0
愛媛県,伊予郡砥部町,20510.0
愛媛県,喜多郡内子町,15406.0
愛媛県,西宇和郡伊方町,8395.0
愛媛県,北宇和郡松野町,3661.0
愛媛県,北宇和郡鬼北町,9563.0
愛媛県,南宇和郡愛南町,19575.0
高知県,高知市,319724.0
高知県,室戸市,12015.0
高知県,安芸市,16235.0
高知県,南国市,46328.0
高知県,土佐市,26334.0
高知県,須崎市,20268.0
高知県,宿毛市,19178.0
高知県,土佐清水市,12271.0
高知県,四万十市,32460.0
高知県,香南市,33009.0
高知県,香美市,25381.0
高知県,安芸郡東洋町,2183.0
高知県,安芸郡奈半利町,3003.0
高知県,安芸郡田野町,2524.0
高知県,安芸郡安田町,2413.0
高知県,安芸郡北川村,1213.0
高知県,安芸郡馬路村,827.0
高知県,安芸郡芸西村,3621.0
高知県,長岡郡本山町,3299.0
高知県,長岡郡大豊町,3223.0
高知県,土佐郡土佐町,3625.0
高知県,土佐郡大川村,361.0
高知県,吾川郡いの町,21504.0
高知県,吾川郡仁淀川町,4795.0
高知県,高岡郡中土佐町,6106.0
高知県,高岡郡佐川町,12238.0
高知県,高岡郡越知町,5087.0
高知県,高岡郡檮原町,3236.0
高知県,高岡郡日高村,4858.0
高知県,高岡郡津野町,5456.0
高知県,高岡郡四万十町,15761.0
高知県,幡多郡大月町,4582.0
高知県,幡多郡三原村,1435.0
高知県,幡多郡黒潮町,10411.0
福岡県,北九州市門司区,93746.0
福岡県,北九州市若松区,80590.0
福岡県,北九州市戸畑区,55857.0
福岡県,北九州市小倉北区,179217.0
福岡県,北九州市小倉南区,207516.0
福岡県,北九州市八幡東区,63784.0
福岡県,北九州市八幡西区,248686.0
福岡県,福岡市東区,321864.0
福岡県,福岡市博多区,238810.0
福岡県,福岡市中央区,197535.0
福岡県,福岡市南区,266714.0
福岡県,福岡市西区,208583.0
福岡県,福岡市城南区,126243.0
福岡県,福岡市早良区,221649.0
福岡県,大牟田市,108421.0
福岡県,久留米市,302383.0
福岡県,直方市,55655.0
福岡県,飯塚市,125753.0
福岡県,田川市,45704.0
福岡県,柳川市,63182.0
福岡県,八女市,60943.0
福岡県,筑後市,49403.0
福岡県,大川市,32359.0
福岡県,行橋市,72635.0
福岡県,豊前市,24195.0
福岡県,中間市,39912.0
福岡県,小郡市,59760.0
福岡県,筑紫野市,106442.0
福岡県,春日市,112765.0
福岡県,大野城市,102809.0
福岡県,宗像市,97319.0
福岡県,太宰府市,71542.0
福岡県,古賀市,59234.0
福岡県,福津市,68481.0
福岡県,うきは市,28213.0
福岡県,宮若市,26746.0
福岡県,嘉麻市,35532.0
福岡県,朝倉市,50903.0
福岡県,みやま市,35481.0
福岡県,糸島市,103702.0
福岡県,那珂川市,49994.0
福岡県,糟屋郡宇美町,37119.0
福岡県,糟屋郡篠栗町,31020.0
福岡県,糟屋郡志免町,46560.0
福岡県,糟屋郡須惠町,29270.0
福岡県,糟屋郡新宮町,33448.0
福岡県,糟屋郡久山町,9324.0
福岡県,糟屋郡粕屋町,48933.0
福岡県,遠賀郡芦屋町,13145.0
福岡県,遠賀郡水巻町,27810.0
福岡県,遠賀郡岡垣町,31697.0
福岡県,遠賀郡遠賀町,19109.0
福岡県,鞍手郡小竹町,7119.0
福岡県,鞍手郡鞍手町,15172.0
福岡県,嘉穂郡桂川町,13043.0
福岡県,朝倉郡筑前町,30233.0
福岡県,朝倉郡東峰村,1912.0
福岡県,三井郡大刀洗町,16038.0
福岡県,三潴郡大木町,13897.0
福岡県,八女郡広川町,19366.0
福岡県,田川郡香春町,10370.0
福岡県,田川郡添田町,8828.0
福岡県,田川郡糸田町,8527.0
福岡県,田川郡川崎町,15606.0
福岡県,田川郡大任町,5147.0
福岡県,田川郡赤村,2953.0
福岡県,田川郡福智町,21513.0
福岡県,京都郡苅田町,37767.0
福岡県,京都郡みやこ町,18384.0
福岡県,築上郡吉富町,6649.0
福岡県,築上郡上毛町,7391.0
福岡県,築上郡築上町,17309.0
佐賀県,佐賀市,229427.0
佐賀県,唐津市,116972.0
佐賀県,鳥栖市,74537.0
佐賀県,多久市,18285.0
佐賀県,伊万里市,52721.0
佐賀県,武雄市,47705.0
佐賀県,鹿島市,27914.0
佐賀県,小城市,44365.0
佐賀県,嬉野市,25090.0
佐賀県,神埼市,30624.0
佐賀県,神埼郡吉野ヶ里町,16228.0
佐賀県,三養基郡基山町,17545.0
佐賀県,三養基郡上峰町,9789.0
佐賀県,三養基郡みやき町,25752.0
佐賀県,東松浦郡玄海町,5130.0
佐賀県,西松浦郡有田町,19051.0
佐賀県,杵島郡大町町,6136.0
佐賀県,杵島郡江北町,9609.0
佐賀県,杵島郡白石町,21741.0
佐賀県,藤津郡太良町,8256.0
長崎県,長崎市,401195.0
長崎県,佐世保市,240473.0
長崎県,島原市,43169.0
長崎県,諫早市,134691.0
長崎県,大村市,98305.0
長崎県,平戸市,29162.0
長崎県,松浦市,21369.0
長崎県,対馬市,28452.0
長崎県,壱岐市,24956.0
長崎県,五島市,35025.0
長崎県,西海市,25747.0
長崎県,雲仙市,41829.0
長崎県,南島原市,42556.0
長崎県,西彼杵郡長与町,40395.0
長崎県,西彼杵郡時津町,29544.0
長崎県,東彼杵郡東彼杵町,7556.0
長崎県,東彼杵郡川棚町,13400.0
長崎県,東彼杵郡波佐見町,14283.0
長崎県,北松浦郡小値賀町,2239.0
長崎県,北松浦郡佐々町,14103.0
長崎県,南松浦郡新上五島町,17611.0
熊本県,熊本市中央区,176120.0
熊本県,熊本市東区,191299.0
熊本県,熊本市西区,89954.0
熊本県,熊本市南区,133161.0
熊本県,熊本市北区,140942.0
熊本県,八代市,122625.0
熊本県,人吉市,30734.0
熊本県,荒尾市,50415.0
熊本県,水俣市,22709.0
熊本県,玉名市,64066.0
熊本県,山鹿市,49397.0
熊本県,菊池市,47103.0
熊本県,宇土市,36483.0
熊本県,上天草市,25015.0
熊本県,宇城市,57562.0
熊本県,阿蘇市,24751.0
熊本県,天草市,75101.0
熊本県,合志市,64474.0
熊本県,下益城郡美里町,9062.0
熊本県,玉名郡玉東町,5241.0
熊本県,玉名郡南関町,9001.0
熊本県,玉名郡長洲町,15506.0
熊本県,玉名郡和水町,9303.0
熊本県,菊池郡大津町,36030.0
熊本県,菊池郡菊陽町,43714.0
熊本県,阿蘇郡南小国町,3850.0
熊本県,阿蘇郡小国町,6634.0
熊本県,阿蘇郡産山村,1411.0
熊本県,阿蘇郡高森町,6057.0
熊本県,阿蘇郡西原村,6926.0
熊本県,阿蘇郡南阿蘇村,10155.0
熊本県,上益城郡御船町,17051.0
熊本県,上益城郡嘉島町,10072.0
熊本県,上益城郡益城町,33718.0
熊本県,上益城郡甲佐町,10273.0
熊本県,上益城郡山都町,13623.0
熊本県,八代郡氷川町,11179.0
熊本県,葦北郡芦北町,15724.0
熊本県,葦北郡津奈木町,4324.0
熊本県,球磨郡錦町,10282.0
熊本県,球磨郡多良木町,8828.0
熊本県,球磨郡湯前町,3608.0
熊本県,球磨郡水上村,2035.0
熊本県,球磨郡相良村,4095.0
熊本県,球磨郡五木村,974.0
熊本県,球磨郡山江村,3276.0
熊本県,球磨郡球磨村,2958.0
熊本県,球磨郡あさぎり町,14554.0
熊本県,天草郡苓北町,6571.0
大分県,大分市,476556.0
大分県,別府市,113735.0
大分県,中津市,83101.0
大分県,日田市,62080.0
大分県,佐伯市,67126.0
大分県,臼杵市,36137.0
大分県,津久見市,15868.0
大分県,竹田市,19890.0
大分県,豊後高田市,22177.0
大分県,杵築市,27295.0
大分県,宇佐市,53395.0
大分県,豊後大野市,33415.0
大分県,由布市,33531.0
大分県,国東市,26179.0
大分県,東国東郡姫島村,1812.0
大分県,速見郡日出町,28115.0
大分県,玖珠郡九重町,8729.0
大分県,玖珠郡玖珠町,14384.0
宮崎県,宮崎市,399576.0
宮崎県,都城市,161605.0
宮崎県,延岡市,117563.0
宮崎県,日南市,49989.0
宮崎県,小林市,43554.0
宮崎県,日向市,59390.0
宮崎県,串間市,16990.0
宮崎県,西都市,28867.0
宮崎県,えびの市,18050.0
宮崎県,北諸県郡三股町,25992.0
宮崎県,西諸県郡高原町,8838.0
宮崎県,東諸県郡国富町,18695.0
宮崎県,東諸県郡綾町,7043.0
宮崎県,児湯郡高鍋町,19729.0
宮崎県,児湯郡新富町,16888.0
宮崎県,児湯郡西米良村,1073.0
宮崎県,児湯郡木城町,4908.0
宮崎県,児湯郡川南町,15095.0
宮崎県,児湯郡都農町,10262.0
宮崎県,東臼杵郡門川町,17385.0
宮崎県,東臼杵郡諸塚村,1499.0
宮崎県,東臼杵郡椎葉村,2586.0
宮崎県,東臼杵郡美郷町,4839.0
宮崎県,西臼杵郡高千穂町,11327.0
宮崎県,西臼杵郡日之影町,3592.0
宮崎県,西臼杵郡五ヶ瀬町,3503.0
鹿児島県,鹿児島市,597834.0
鹿児島県,鹿屋市,100767.0
鹿児島県,枕崎市,19715.0
鹿児島県,阿久根市,18914.0
鹿児島県,出水市,52191.0
鹿児島県,指宿市,38487.0
鹿児島県,西之表市,14417.0
鹿児島県,垂水市,13624.0
鹿児島県,薩摩川内市,92248.0
鹿児島県,日置市,46992.0
鹿児島県,曽於市,33600.0
鹿児島県,霧島市,124751.0
鹿児島県,いちき串木野市,26468.0
鹿児島県,南さつま市,32279.0
鹿児島県,志布志市,29808.0
鹿児島県,奄美市,41670.0
鹿児島県,南九州市,32745.0
鹿児島県,伊佐市,23967.0
鹿児島県,姶良市,78077.0
鹿児島県,鹿児島郡三島村,369.0
鹿児島県,鹿児島郡十島村,657.0
鹿児島県,薩摩郡さつま町,19534.0
鹿児島県,出水郡長島町,9809.0
鹿児島県,姶良郡湧水町,8700.0
鹿児島県,曽於郡大崎町,12398.0
鹿児島県,肝属郡東串良町,6510.0
鹿児島県,肝属郡錦江町,6640.0
鹿児島県,肝属郡南大隅町,6364.0
鹿児島県,肝属郡肝付町,14241.0
鹿児島県,熊毛郡中種子町,7489.0
鹿児島県,熊毛郡南種子町,5363.0
鹿児島県,熊毛郡屋久島町,11724.0
鹿児島県,大島郡大和村,1414.0
鹿児島県,大島郡宇検村,1653.0
鹿児島県,大島郡瀬戸内町,8442.0
鹿児島県,大島郡龍郷町,6017.0
鹿児島県,大島郡喜界町,6565.0
鹿児島県,大島郡徳之島町,10290.0
鹿児島県,大島郡天城町,5597.0
鹿児島県,大島郡伊仙町,6361.0
鹿児島県,大島郡和泊町,6296.0
鹿児島県,大島郡知名町,5634.0
鹿児島県,大島郡与論町,5078.0
沖縄県,那覇市,317030.0
沖縄県,宜野湾市,100269.0
沖縄県,石垣市,49530.0
沖縄県,浦添市,115702.0
沖縄県,名護市,64290.0
沖縄県,糸満市,62569.0
沖縄県,沖縄市,142679.0
沖縄県,豊見城市,65954.0
沖縄県,うるま市,125973.0
沖縄県,宮古島市,55562.0
沖縄県,南城市,45928.0
沖縄県,国頭郡国頭村,4504.0
沖縄県,国頭郡大宜味村,3044.0
沖縄県,国頭郡東村,1752.0
沖縄県,国頭郡今帰仁村,9364.0
沖縄県,国頭郡本部町,13002.0
沖縄県,国頭郡恩納村,11298.0
沖縄県,国頭郡宜野座村,6303.0
沖縄県,国頭郡金武町,11451.0
沖縄県,国頭郡伊江村,4366.0
沖縄県,中頭郡読谷村,42041.0
沖縄県,中頭郡嘉手納町,13154.0
沖縄県,中頭郡北谷町,29056.0
沖縄県,中頭郡北中城村,17936.0
沖縄県,中頭郡中城村,22409.0
沖縄県,中頭郡西原町,35728.0
沖縄県,島尻郡与那原町,20003.0
沖縄県,島尻郡南風原町,40642.0
沖縄県,島尻郡渡嘉敷村,695.0
沖縄県,島尻郡座間味村,895.0
沖縄県,島尻郡粟国村,666.0
沖縄県,島尻郡渡名喜村,317.0
沖縄県,島尻郡南大東村,1210.0
沖縄県,島尻郡北大東村,542.0
沖縄県,島尻郡伊平屋村,1213.0
沖縄県,島尻郡伊是名村,1308.0
沖縄県,島尻郡久米島町,7413.0
沖縄県,島尻郡八重瀬町,32630.0
沖縄県,宮古郡多良間村,1085.0
沖縄県,八重山郡竹富町,4288.0
沖縄県,八重山郡与那国町,1725.0
